Video,Views
"KAROL G, Shakira - TQG (Official Video)","923,672,616"
脿陇露脿楼聧脿陇掳脿楼聙 脿陇鹿脿陇篓脿楼聛脿陇庐脿陇戮脿陇篓 脿陇職脿陇戮脿陇虏脿楼聙脿陇赂脿陇戮 冒聼聦潞冒聼聶聫| Shree Hanuman Chalisa Original Video |冒聼聶聫冒聼聦潞| GULSHAN KUMAR | HARIHARAN |Full HD,"756,245,248"
"Jhoome Jo Pathaan Song | Shah Rukh Khan, Deepika | Vishal & Sheykhar, Arijit Singh, Sukriti, Kumaar","734,042,124"
Yng Lvcas & Peso Pluma - La Bebe (Remix) [Video Oficial],"731,438,420"
SHAKIRA || BZRP Music Sessions #53,"669,569,589"
Miley Cyrus - Flowers (Official Video),"666,673,990"
Grupo Frontera x Bad Bunny - UN X100TO (Video Oficial),"660,600,769"
Crazy Frog - Axel F (Official Video),"565,681,983"
"Rema, Selena Gomez - Calm Down (Official Music Video)","560,031,661"
"Yuridia, Angela Aguilar - Qu脙漏 Agon脙颅a (Video Oficial)","548,669,742"
Ella Baila Sola - (Video Oficial) - Eslabon Armado y Peso Pluma - DEL Records 2023,"467,675,369"
JISOO - 芒聙聵锚陆聝(FLOWER)芒聙聶 M/V,"447,275,784"
Carin Leon x Grupo Frontera - QUE VUELVAS (Video Oficial),"442,175,304"
Shakira - Waka Waka (This Time for Africa) (The Official 2010 FIFA World Cup芒聞垄 Song),"410,370,534"
"Besharam Rang Song | Pathaan | Shah Rukh Khan, Deepika Padukone | Vishal & Sheykhar | Shilpa, Kumaar","402,171,345"
The Weeknd - Save Your Tears (Official Music Video),"401,571,823"
YOASOBI茫聙聦茫聜垄茫聜陇茫聝聣茫聝芦茫聙聧 Official Music Video,"400,357,885"
Maan Meri Jaan | Official Music Video | Champagne Talk | King,"393,254,797"
Wiz Khalifa - See You Again ft. Charlie Puth [Official Video] Furious 7 Soundtrack,"392,601,576"
"Yandel, Feid  - Yandel 150 (Video Oficial)","375,397,801"
"Feid, Young Miko - Classy 101 (Official Video)","367,452,165"
PSY - GANGNAM STYLE(锚掳聲毛聜篓矛聤陇铆聝聙矛聺录) M/V,"362,080,763"
Lady Gaga - Bloody Mary (TikTok Remix | Speed Up) | Wednesday Dance Scene,"347,867,412"
Ke Personajes Ft  Onda Sabanera | Pobre Coraz脙鲁n,"346,743,305"
Kya Loge Tum | Akshay Kumar | Amyra Dastur | BPraak | Jaani | Arvindr Khaira | Zohrajabeen,"332,894,419"
El Chombo - Dame Tu Cosita feat. Cutty Ranks (Official Video) [Ultra Records],"331,523,299"
La Bachata - MTZ Manuel Turizo | Video Oficial,"329,150,568"
Mark Ronson - Uptown Funk (Official Video) ft. Bruno Mars,"328,052,343"
"Emilia, Callejero Fino, Big One - En La Intimidad | CROSSOVER #1","326,455,282"
"Post Malone, Swae Lee - Sunflower (Spider-Man: Into the Spider-Verse)","322,209,097"
"Tere Vaaste | Zara Hatke Zara Bachke | Vicky Kaushal, Sara Ali Khan, Varun J, Sachin-Jigar,Amitabh B","319,885,540"
Fuerza Regida x Grupo Frontera - Bebe Dame,"318,162,052"
KAROL G - Provenza (Official Video),"316,955,895"
CantaJuego - Soy Una Taza (Version Mexico),"315,448,152"
矛聽聲锚碌颅 (Jung Kook) 'Seven (feat. Latto)' Official MV,"314,384,831"
Grupo Frontera x Grupo Firme - EL AMOR DE SU VIDA (Video Oficial),"313,096,864"
Myke Towers - LALA (Lyric Video),"312,150,114"
"Cartel de Santa, La Kelly - Shorty Party (Video Oficial)","310,984,600"
AgroPlay Ver脙拢o - Nosso Quadro @anacastelaoficial,"309,019,625"
The Gummy Bear Song - Long English Version,"305,422,249"
Shakira - Acr脙鲁stico (Official Video),"305,005,744"
Grupo Frontera - NO SE VA (Video Oficial),"303,559,642"
50 Cent - In Da Club (Official Music Video),"302,524,385"
Ed Sheeran - Perfect (Official Music Video),"298,465,376"
Carin Leon - Primera Cita [Official Video],"297,124,818"
Luis Fonsi - Despacito ft. Daddy Yankee,"295,316,625"
BLACKPINK - 芒聙聵Pink Venom芒聙聶 M/V,"294,219,353"
"La Konga, Luck Ra, Ke Personajes - YA NO VUELVAS (Video Oficial)","293,350,433"
"Grupo Firme - Gerardo Coronel ""El Jerry"" - Qu脙漏 Onda Perdida (Video Oficial)","292,683,677"
Ed Sheeran - Shape of You (Official Music Video),"289,581,921"
KAROL G - MI EX TEN脙聧A RAZ脙聯N (Official Video),"288,106,091"
"Zihaal e Miskin (Video) Javed-Mohsin | Vishal Mishra, Shreya Ghoshal | Rohit Z, Nimrit A | Kunaal V","285,412,510"
(矛聴卢矛聻聬)矛聲聞矛聺麓毛聯陇((G)I-DLE) - '铆聙赂矛鹿麓 (Queencard)' Official Music Video,"284,196,329"
Mar脙颅lia Mendon脙搂a - Le脙拢o - Decretos Reais,"284,099,287"
Simone Mendes - ERRO GOSTOSO (DVD CINTILANTE),"280,948,867"
Adele - Rolling in the Deep (Official Music Video),"279,561,229"
"JAWAN: Chaleya (Hindi) | Shah Rukh Khan | Nayanthara | Atlee | Anirudh | Arijit S, Shilpa R | Kumaar","272,904,666"
Tom Odell - Another Love (Official Video),"272,361,345"
BLACKPINK - 芒聙聵Shut Down芒聙聶 M/V,"270,912,497"
"Billie Eilish, Khalid - lovely (Official Music Video)","270,203,160"
Eminem - Without Me (Official Music Video),"268,210,730"
"Ke Personajes, FMK, Big One - Un Finde | CROSSOVER #2","267,867,456"
Myke Towers - Lala (Video Oficial),"267,791,995"
a-ha - Take On Me (Official Video) [Remastered in 4K],"265,864,598"
"Apna Bana Le - Bhediya | Varun Dhawan, Kriti Sanon| Sachin-Jigar, Arijit Singh, Amitabh Bhattacharya","265,677,787"
Coolio - Gangsta's Paradise (feat. L.V.) [Official Music Video],"265,160,785"
Z脙漏 Neto e Cristiano - Oi Balde - #Escolhas,"264,297,026"
FROZEN | Let It Go Sing-along | Official Disney UK,"263,979,637"
Harry Styles - As It Was (Official Video),"262,689,806"
"Maluma, Carin Leon - Seg脙潞n Qui脙漏n (Official Video)","260,526,529"
Bad Bunny (ft. Chencho Corleone) - Me Porto Bonito (Video Oficial) | Un Verano Sin Ti,"259,711,880"
Aqua - Barbie Girl (Official Music Video),"257,674,801"
4K Video - Pawan Singh - 脿陇搂脿陇篓脿楼聙 脿陇鹿脿楼聥 脿陇赂脿陇卢 脿陇搂脿陇篓 | Shivani Singh | Dhani Ho Sab Dhan | Bhojpuri Song 2023,"257,383,211"
Taylor Swift - Blank Space,"255,402,074"
4 Non Blondes - What's Up (Official Music Video),"253,612,104"
PESO PLUMA || BZRP Music Sessions #55,"253,516,887"
Feid - Feliz Cumplea脙卤os Ferxxo (Official Video),"253,450,036"
"Los Del Espacio - LIT killah, Duki, Emilia, Tiago PZK, FMK, Rusherking, Maria Becerra, Big One","252,970,918"
Los 脙聛ngeles Azules - Nunca Es Suficiente ft. Natalia Lafourcade (Live),"252,831,023"
Natanael Cano x Gabito Ballesteros x Peso Pluma - AMG,"251,770,084"
Guli Mata - Saad Lamjarred | Shreya Ghoshal | Jennifer Winget | Anshul Garg,"248,975,286"
Eminem - Mockingbird [Official Music Video],"248,907,401"
Rema - Calm Down (Official Music Video),"248,438,517"
BLACKPINK - 'How You Like That' DANCE PERFORMANCE VIDEO,"247,778,314"
CantaJuego - El Baile del Gorila,"247,408,251"
Heeriye (Official Video) Jasleen Royal ft Arijit Singh| Dulquer Salmaan| Aditya Sharma |Taani Tanvir,"246,458,470"
"Myke Towers, Farruko, Arcangel, Sech & Zion - Si Se Da Remix (Video Oficial)","243,070,165"
Calibre 50 - Si Te Pudiera Mentir (LETRA),"241,180,957"
Libianca - People (Official Video),"240,701,540"
Numb (Official Music Video) [4K UPGRADE] 芒聙聯 Linkin Park,"239,198,694"
What Jhumka? | Rocky Aur Rani Kii Prem Kahaani | Ranveer | Alia | Pritam | Amitabh | Arijit | Jonita,"239,164,086"
OneRepublic - Counting Stars,"239,016,350"
Eagles - Hotel California (Live 1977) (Official Video) [HD],"238,165,306"
"Israel & Rodolffo, @MariFernandez - Seu Brilho Sumiu  (Let's Bora)","234,992,022"
ROSAL脙聧A - DESPECH脙聛 (Official Video),"233,183,226"
Ayra Starr - Rush (Official Music Video),"232,631,388"
Michael Jackson - Billie Jean (Official Video),"232,612,462"
"Naiara Azevedo, Ana Castela - Palha脙搂a #DVDPlural","231,729,268"
JAILER - Kaavaalaa Lyric Video | Superstar Rajinikanth | Sun Pictures | Anirudh | Nelson | Tamannaah,"230,336,723"
Katy Perry - Dark Horse ft. Juicy J,"230,228,562"
Rag'n'Bone Man - Human (Official Video),"229,782,506"
Feid - Normal (Official Video),"228,542,955"
Katy Perry - Roar,"225,663,305"
"Phir Aur Kya Chahiye| Zara Hatke Zara Bachke| Vicky K, Sara Ali K, Arijit Singh,Sachin-Jigar,Amitabh","225,147,528"
"Bum Bum Bole (Full Song) Film - Taare Zameen Par |  Shaan, Aamir Khan","223,523,709"
Passenger | Let Her Go (Official Video),"222,651,346"
Yahritza Y Su Esencia & Grupo Frontera - Fr脙隆gil (Official Lyric Video),"222,061,273"
Peso Pluma - Por Las Noches (Video Oficial),"221,717,957"
KAROL G - Amargura (Visualizer),"221,076,246"
Carin Leon - No Es Por Ac脙隆 (Video Oficial),"220,378,578"
Dwayne Johnson - You're Welcome (from Moana/Official Video),"219,176,717"
"Tum Tum - Video Song | Enemy (Tamil) | Vishal,Arya | Anand Shankar | Vinod Kumar | Thaman S","218,911,324"
Imagine Dragons - Believer (Official Music Video),"218,679,562"
"Gerardo Coronel ""El Jerry""  - Te felicito  [Video Oficial 2022]","218,582,339"
"Naacho Naacho (Full Video) RRR - NTR, Ram Charan | M M Kreem | SS Rajamouli | Vishal Mishra & Rahul","216,342,624"
Rihanna - Diamonds,"216,066,488"
La Oreja de Van Gogh - Rosas (V脙颅deo Oficial),"216,063,912"
Bruno Mars - The Lazy Song (Official Music Video),"215,877,364"
LP - Lost On You (Live),"215,603,390"
In The End [Official HD Music Video] - Linkin Park,"215,542,876"
"Anuel AA, Mambo Kingz, DJ Luian - Mas Rica Que Ayer (Video Oficial)","215,024,034"
"Peso Pluma, Natanael Cano - PRC (Video Oficial)","214,998,769"
"KAROL G, Maldy - Gat脙潞bela (Official Video)","214,151,388"
Major Lazer & DJ Snake - Lean On (feat. M脙聵) (Official Music Video),"213,824,762"
"Jhay Cortez, J. Balvin, Bad Bunny - No Me Conoce (Remix)","213,710,180"
The Weeknd - Starboy ft. Daft Punk (Official Video),"212,767,959"
"Any Gabrielly - Saber Quem Sou (De ""Moana"")","211,820,167"
Coke Studio | Season 14 | Pasoori | Ali Sethi x Shae Gill,"211,596,505"
Bad Bunny - Tit脙颅 Me Pregunt脙鲁 (Video Oficial) | Un Verano Sin Ti,"210,851,769"
"The Weeknd, Ariana Grande - Die For You (Remix / Lyric Video)","210,547,714"
KAROL G - Mientras Me Curo Del Cora (Official Video),"209,700,876"
Dame Un Beso Y Dime Adios - Carin Leon Ft. Grupo Yndio,"209,421,027"
"Naiyo Lagda - Kisi Ka Bhai Kisi Ki Jaan | Salman Khan & Pooja Hegde | Himesh R, Kamaal K, Palak M","207,455,362"
LISA - 'MONEY' EXCLUSIVE PERFORMANCE VIDEO,"207,028,072"
Bad Bunny ft. Bomba Est脙漏reo - Ojitos Lindos (Video Oficial) | Un Verano Sin Ti,"206,620,656"
Maiara e Maraisa - A Culpa 脙聣 Nossa - DVD Identidade,"206,555,150"
QUEVEDO || BZRP Music Sessions #52,"205,710,940"
#Power Star #Pawan Singh 脿陇聲脿陇戮 脿陇陋脿楼聣脿陇碌脿陇掳脿陇芦脿楼聛脿陇虏 #VIDEO | 脿陇鹿脿陇掳脿楼聙 脿陇鹿脿陇掳脿楼聙 脿陇聯脿楼聺脿陇篓脿楼聙 | Ft. #Dimpal Singh | Bhojpuri Song 2022,"205,226,937"
Lewis Capaldi - Someone You Loved,"204,993,314"
Eminem - Love The Way You Lie ft. Rihanna,"204,906,439"
Gusttavo Lima - DESEJO IMORTAL (Ao vivo no Mineir脙拢o),"204,482,260"
LEO - Naa Ready Lyric Video | Thalapathy Vijay | Lokesh Kanagaraj | Anirudh Ravichander,"203,923,344"
Stephen Sanchez - Until I Found You (Official Video),"201,160,033"
NewJeans (毛聣麓矛搂聞矛聤陇) 'OMG' Official MV (Performance ver.1),"201,135,149"
"Ozuna, Feid - Hey Mor (Video Oficial) | Ozutochi","201,089,430"
Jennifer Lopez - On The Floor ft. Pitbull,"200,039,663"
IVE 矛聲聞矛聺麓毛赂聦 'I AM' MV,"198,389,624"
Nelly - Dilemma (Official Music Video) ft. Kelly Rowland,"198,154,646"
Radiohead - Creep,"196,903,112"
"BM, Callejero Fino, La Joaqui, Lola 脙聧ndigo - M.A (Remix) [Prod Phontana, Alan Gomez] (Video Oficial)","196,285,805"
脵聟脴颅脵聟脵聢脴炉 脴搂脵聞脴陋脴卤脵聝脵聤 - 脴鹿脴搂脴麓脵聜 脵聟脴卢脵聠脵聢脵聠 ( 脵聛脵聤脴炉脵聤脵聢 脵聝脵聞脵聤脴篓 ) | 2023,"196,148,414"
"Peso Pluma, Grupo Frontera - TULUM (Video Oficial)","196,017,290"
Dua Lipa - New Rules (Official Music Video),"195,424,229"
Whitney Houston - I Will Always Love You (Official 4K Video),"194,771,738"
Glass Animals - Heat Waves (Official Video),"194,612,757"
"Arcangel, Bad Bunny - La Jumpa (Video Oficial) | SR. SANTOS","194,251,195"
OMG,"193,384,007"
BLACKPINK - 'Kill This Love' M/V,"192,225,308"
twenty one pilots: Stressed Out [OFFICIAL VIDEO],"191,188,756"
"Tujh Mein Rab Dikhta Hai Song | Rab Ne Bana Di Jodi | Shah Rukh Khan, Anushka Sharma | Roop Kumar","190,759,154"
Flowers,"190,316,879"
Aventura - Ella y Yo (ft. Don Omar),"189,498,984"
EMIWAY - COMPANY (OFFICIAL MUSIC VIDEO),"188,694,542"
DJ Snake - Let Me Love You ft. Justin Bieber,"188,464,592"
Charlie Puth - We Don't Talk Anymore (feat. Selena Gomez) [Official Video],"188,288,935"
"Guilherme e Benuto, Simone Mendes - Manda um Oi | DVD Deu Rolo de Novo","187,851,564"
Fuerza Regida X Edgardo Nu脙卤ez - Billete Grande (En Vivo 2022),"187,646,755"
Coldplay - Yellow (Official Video),"187,609,707"
Coldplay - Hymn For The Weekend (Official Video),"187,544,212"
Nirvana - Smells Like Teen Spirit (Official Music Video),"187,409,048"
"Pedro Cap脙鲁, Farruko - Calma (Remix - Official Video)","186,223,838"
Adele - Someone Like You (Official Music Video),"185,740,747"
TINI - Cupido (Video Oficial),"185,189,746"
Justin Bieber - Baby ft. Ludacris,"183,758,020"
The Police - Every Breath You Take (Official Music Video),"183,659,180"
Melendi - Destino o Casualidad ft. Ha*Ash,"183,510,807"
Maroon 5 - Girls Like You ft. Cardi B (Official Music Video),"183,221,303"
George Michael - Careless Whisper (Official Video),"183,096,736"
EL ALFA X Peso Pluma  - Plebada (Video Oficial),"183,005,809"
Anitta - Envolver [Official Music Video],"182,891,792"
MARISOLA REMIX (Video Oficial) - CRIS MJ x STANDLY x NICKI NICOLE x DUKI x STARS MUSIC CHILE,"182,520,966"
"Manu Bahtid脙拢o, Simone Mendes - Daqui Pra Sempre (V脙颅deo Oficial)","182,330,966"
Maroon 5 - Sugar (Official Music Video),"182,222,239"
Fuerza Regida x Natanael Cano - CH Y LA PIZZA [Official Video],"182,165,470"
Christian Nodal - Ya No Somos Ni Seremos (Letra / Lyrics),"181,720,239"
Arabic Kuthu - Video Song | Beast | Thalapathy Vijay | Pooja Hegde | Sun Pictures | Nelson | Anirudh,"181,111,206"
"脿陇赂脿陇聜脿陇聲脿陇聼脿陇庐脿楼聥脿陇職脿陇篓 脿陇鹿脿陇篓脿楼聛脿陇庐脿陇戮脿陇篓 脿陇聟脿陇路脿楼聧脿陇聼脿陇聲, Sankat Mochan Hanuman Ashtak,HARIHARAN,Hindi, English Lyrics, Hanuman Chalisa","180,990,396"
Alan Walker - Faded,"180,330,304"
Chris Brown - Under The Influence (Official Video),"180,324,703"
Christina Perri - A Thousand Years [Official Music Video],"180,263,979"
Amy Winehouse - Back To Black,"179,730,353"
Evanescence - Bring Me To Life (Official HD Music Video),"179,690,485"
"The Kid LAROI, Justin Bieber - STAY (Official Video)","179,617,650"
"Lady Gaga, Bradley Cooper - Shallow (from A Star Is Born) (Official Music Video)","179,560,016"
Akon - Smack That (Official Music Video) ft. Eminem,"179,511,425"
脵聤脴搂脴鲁脴卤 脴鹿脴篓脴炉 脴搂脵聞脵聢脵聡脴搂脴篓 & 脴虏脵聤脴炉 脴搂脵聞脴颅脴篓脵聤脴篓 - 脵聜脵聞脴篓脵聤 ( 脴颅脴碌脴卤脵聤脴搂脵聥 ) Yaser Abd Alwahab ft Zaid Alhabeeb - Qalby - 2022,"179,383,973"
Oliver Tree & Robin Schulz - Miss You [Official Music Video],"178,382,870"
Ana Castela - Solteiro For脙搂ado (DVD Boiadeira Internacional),"178,361,433"
Tayrone - C脙陋 T脙隆 Preparada (Ao Vivo Em Goi脙垄nia / 2021) ft. Mar脙颅lia Mendon脙搂a,"178,164,002"
Ed Sheeran - Thinking Out Loud (Official Music Video),"177,814,381"
"PinkPantheress, Ice Spice - Boy芒聙聶s a liar Pt. 2 (Official Video)","177,682,500"
"Bad Gyal, Young Miko, Tokischa - Chulo pt.2 - (Official Video)","177,277,718"
Sia - Unstoppable (Official Video - Live from the Nostalgic For The Present Tour),"177,032,699"
"Shawn Mendes, Camila Cabello - Se脙卤orita","176,991,529"
"Main Nikla Gaddi Leke | Gadar 2 | Sunny Deol, Ameesha P, Utkarsh| Mithoon, Udit N, Aditya N| Uttam S","176,806,215"
David Kushner - Daylight (Official Music Video),"176,567,547"
I Don't Want To Talk About It (from One Night Only! Rod Stewart Live at Royal Albert Hall),"175,803,068"
"Enrique Iglesias - Bailando ft. Descemer Bueno, Gente De Zona","175,519,738"
"LADY GAGA (Video Oficial) - Peso Pluma, Gabito Ballesteros, Junior H","175,377,778"
Lady Gaga - Poker Face (Official Music Video),"175,346,309"
Oscar Maydon x Junior H - Fin De Semana [Official Video],"175,078,200"
Maluma - Sobrio (Official Video),"174,896,431"
Madonna - La Isla Bonita (Official Video),"174,849,665"
HA-ASH - Lo Aprend脙颅 de Ti (Primera Fila - Hecho Realidad [En Vivo]),"174,811,359"
脿楼陇 脿陇鹿脿陇戮脿陇聢 脿陇聺脿楼聛脿陇庐脿陇聲脿陇戮 脿陇碌脿陇戮脿陇虏脿楼聙 脿陇陋脿楼聥脿陇掳 脿楼陇 Hai jhumka vali por 脿楼陇Super hit ahirani khandeshi song #Vinod_kumavat,"174,361,288"
"Alex Rose  ft. Cazzu, Lenny Tavarez, Lyanno & Rauw Alejandro - Toda (Remix) [Video Oficial]","174,259,395"
Yahritza Y Su Esencia & Grupo Frontera - Fr脙隆gil (Official Video),"174,138,533"
KAROL G - EL BARCO,"174,124,890"
"Becky G, Peso Pluma - CHANEL (Official Video)","172,891,375"
"Z脙漏 Felipe, @anacastelaoficial e @LuanPereiraLP  - Ro脙搂a Em Mim (Videoclipe Oficial)","172,437,257"
P!nk - Just Give Me A Reason ft. Nate Ruess,"171,990,640"
"Luck Ra, BM - LA MOROCHA","171,755,546"
The Cranberries - Zombie (Official Music Video),"171,011,012"
AC/DC - Thunderstruck (Official Video),"169,862,368"
Dua Lipa - Levitating Featuring DaBaby (Official Music Video),"169,574,237"
Dr. Dre - Still D.R.E. ft. Snoop Dogg,"169,497,081"
GABRIELA ROCHA - ME ATRAIU (AO VIVO),"169,493,523"
Namo Namo - Lyrical | Kedarnath | Sushant Rajput | Sara Ali Khan | Amit Trivedi | Amitabh B,"169,472,758"
Shakira - Hips Don't Lie (Official 4K Video) ft. Wyclef Jean,"169,249,047"
Z脙漏 Neto e Cristiano - P脙隆tio do Posto - #Escolhas,"168,231,689"
BAD BUNNY x JHAY CORTEZ - D脙聛KITI (Video Oficial),"168,213,274"
Arctic Monkeys - Do I Wanna Know? (Official Video),"167,995,375"
"LET'S GO 4 - DJ GBR, IG, Ryan SP, PH, Davi, Luki, Don Juan, Kadu ,GH do 7, GP, TrapLaudo","167,113,677"
Romeo Santos - La Diabla/Mi Santa ft. Tomatito,"166,740,348"
Fuerza Regida X Peso Pluma - Igualito A Mi Ap脙隆 [Oficial Video],"166,430,913"
Central Cee x Dave - Sprinter [Music Video],"166,256,112"
R.E.M. - Losing My Religion (Official Music Video),"166,230,440"
SEVENTEEN (矛聞赂毛赂聬铆聥麓) '矛聠聬矛聵陇锚鲁碌' Official MV,"166,219,052"
Grupo Frontera x Ke Personajes - OJITOS ROJOS (Video Oficial),"166,093,911"
Bad Bunny - WHERE SHE GOES (Video Oficial),"166,006,208"
Junior H con Banda - El Hijo Mayor [En Vivo],"165,498,543"
"Stray Kids ""铆聤鹿(S-Class)"" M/V","164,749,650"
Gotye - Somebody That I Used To Know (feat. Kimbra) [Official Music Video],"164,683,207"
"KAROL G, Ovy On The Drums - Cairo (Official Video)","164,141,316"
Imagine Dragons - Bones (Official Music Video),"163,662,218"
Mariah Carey - All I Want for Christmas Is You (Make My Wish Come True Edition),"163,406,015"
Backstreet Boys - I Want It That Way (Official HD Video),"162,540,195"
Doja Cat - Paint The Town Red (Official Video),"161,441,247"
Feid - CHORRITO PA LAS ANIMAS (Official Video),"161,371,402"
Queen 芒聙聯 Bohemian Rhapsody (Official Video Remastered),"161,341,025"
Coldplay - Paradise (Official Video),"160,808,995"
Maria Becerra - CORAZ脙聯N VAC脙聧O (Official Video),"159,048,787"
French Montana - Unforgettable ft. Swae Lee,"158,892,812"
"Shakira, Rauw Alejandro - Te Felicito (Official Video)","158,245,033"
Imagine Dragons - Thunder,"158,023,180"
FIFTY FIFTY (铆聰录铆聰聞铆聥掳铆聰录铆聰聞铆聥掳) - 'Cupid'  Official MV,"157,493,273"
BLACKPINK - 芒聙聵毛職聹毛聭聬毛職聹毛聭聬 (DDU-DU DDU-DU)芒聙聶 M/V,"157,291,426"
Cyndi Lauper - Girls Just Want To Have Fun (Official Video),"157,130,832"
Daddy Yankee & Snow - Con Calma (Video Oficial),"156,958,653"
Pharrell Williams - Happy (Video),"156,932,025"
Keane - Somewhere Only We Know (Official Music Video),"156,837,066"
twenty one pilots: Heathens (from Suicide Squad: The Album) [OFFICIAL VIDEO],"156,690,846"
Lil Durk - All My Life ft. J. Cole (Official Video),"155,872,916"
Sean Kingston - Beautiful Girls (Official HD Video),"155,593,835"
"Marshmello, Manuel Turizo - El Merengue (Official Video)","155,558,674"
BTS (毛掳漏铆聝聞矛聠聦毛聟聞毛聥篓) 'Dynamite' Official MV,"155,254,730"
"Arc脙隆ngel, Sech - Sigues Con 脙聣l (Video Oficial)","155,216,663"
"TINI, Maria Becerra - Mi脙漏nteme (Video Oficial)","154,702,844"
Piso 21 - D脙漏jala Que Vuelva (feat. Manuel Turizo) [Video Oficial],"154,534,475"
#Video - #Pawan Singh - 脿陇掳脿陇戮脿陇聹脿陇戮脿陇聹脿楼聙 脿陇聲脿楼聡 脿陇娄脿陇驴脿陇虏脿陇碌脿陇戮 | #Shivani Singh | Rajaji Ke Dilwa | New Bhojpuri Song 2023,"154,138,061"
Audioslave - Like a Stone (Official Video),"153,950,928"
Eden Mu脙卤oz - Chale (Video Oficial),"153,350,709"
David Guetta & Bebe Rexha - I'm Good (Blue) [Official Music Video],"153,204,711"
"ROSAL脙聧A, Rauw Alejandro - BESO (Official Video)","152,795,322"
Taylor Swift - You Belong With Me,"152,644,250"
"Emilia, Ludmilla, Zecca - No_se_ve.mp3 (Official Video)","152,462,398"
David Guetta - Titanium ft. Sia (Official Video),"152,448,131"
295 (Official Audio) | Sidhu Moose Wala | The Kidd | Moosetape,"151,973,981"
Lil Nas X - Old Town Road (Official Video) ft. Billy Ray Cyrus,"151,750,954"
Rick Astley - Never Gonna Give You Up (Official Music Video),"151,308,940"
SZA - Snooze (Audio),"151,134,245"
Waka Waka (Esto es Africa) (Cancion Oficial de la Copa Mundial de la FIFA茂驴陆 Sudafrica 2010),"151,083,092"
"Dentro da Hilux - Luan Pereira, Mc Daniel, Mc Ryan SP | Ecoando Amazon Music Brasil","150,514,024"
Full Video: Ranjithame - Varisu (Tamil) | Thalapathy Vijay | Rashmika | Vamshi Paidipally | Thaman S,"150,440,259"
Akon - Lonely (Official Music Video),"149,180,744"
"Por Mi Mexico Remix 冒聼聡虏冒聼聡陆 - Lefty SM, Santa Fe Klan, Dharius, C-Kan, MC Davo & Neto Pe脙卤a","148,821,189"
Grupo Frontera x Grupo Marca Registrada - Di Que Si (Video Oficial),"148,166,747"
MAIN KHILADI ( Selfiee ) - Akshay Kumar | Emraan Hashmi | Anu Malik | Tanishk | Udit N | Abhijeet |,"148,007,537"
MC CABELINHO - X1 (prod. DALLASS),"147,361,685"
Bruno Mars - That芒聙聶s What I Like [Official Music Video],"147,292,194"
Elton John - Sacrifice,"147,221,499"
Beyonc脙漏 - Halo,"147,008,441"
BABYMONSTER - 'BATTER UP' M/V,"146,937,207"
"Tere Hawaale (Full Video) Laal Singh Chaddha | Aamir,Kareena | Arijit,Shilpa | Pritam,Amitabh,Advait","146,912,500"
"Udd Jaa Kaale Kaava | Gadar 2 | Sunny Deol, Ameesha | Mithoon, Udit N, Alka Y | Uttam S,Anand Bakshi","146,845,104"
Fugees - Killing Me Softly With His Song (Official Video),"146,665,435"
#Video | 脿陇陋脿陇聴脿陇虏脿楼聙 脿陇娄脿楼聡脿陇聳脿陇戮脿陇碌脿楼聡 脿陇聟脿陇聴脿陇掳脿陇卢脿陇陇脿楼聧脿陇陇脿楼聙 | #Neelkamal Singh | Pagli Dekhave Agarbatti | #Bhojpuri Song,"146,135,854"
ZAYN - Dusk Till Dawn (Official Video) ft. Sia,"146,027,832"
Guns N' Roses - Sweet Child O' Mine (Official Music Video),"145,187,554"
Taylor Swift - Shake It Off,"145,100,902"
茫聜垄茫聜陇茫聝聣茫聝芦,"144,996,679"
Auli'i Cravalho - How Far I'll Go (from Moana/Official Video),"144,918,180"
JAILER - Kaavaalaa Video Song | Superstar Rajinikanth | Sun Pictures | Anirudh | Nelson | Tamannaah,"144,885,555"
#Video | #Pawan Singh New Song | 脿陇虏脿陇戮脿陇虏 脿陇聵脿陇戮脿陇聵脿陇掳脿陇戮 | Lal Ghaghra | Shilpi Raj | Namrita Malla| Bhojpuri Gana,"144,857,022"
Mon Laferte - Tu Falta De Querer (En Vivo),"144,775,009"
Bad Bunny - Moscow Mule (Video Oficial) | Un Verano Sin Ti,"144,364,007"
Sebasti脙隆n Yatra - Tacones Rojos (Official Video),"144,339,154"
One Direction - Night Changes,"144,218,311"
脵聛脴卤脴颅脴漏 脵聟脵聡脴炉脵聢脵聤脴漏 | 脴鲁脵聤脴炉 脵聛脴搂脵聜脴炉 脴搂脵聞脵聟脵聢脴鲁脵聢脵聤 | Video Clip 2023,"144,184,597"
"Sebasti脙隆n Yatra, Manuel Turizo, Be脙漏le - VAGABUNDO (Official Video)","144,126,069"
Picus - S脙職PER ULTRA MEGA (Video Oficial),"143,770,081"
Bon Jovi - Livin' On A Prayer,"143,661,164"
"Dalex - Hola Remix ft. Lenny Tav脙隆rez, Chencho Corleone, Juhn ""El All Star"" (Video L脙颅rico Oficial)","143,395,576"
"TINI, La Joaqui, Steve Aoki - Mu脙卤ecas (Official Video)","143,095,934"
BLACKPINK - '毛露聬毛掳聰矛聲录 (BOOMBAYAH)' M/V,"143,088,188"
Belanova - Rosa Pastel,"142,565,316"
KAROL G - AMARGURA (En Vivo),"142,273,517"
Harry Styles - Sign of the Times (Official Video),"142,084,306"
"J Balvin, Willy William - Mi Gente (Official Video)","141,979,127"
NewJeans (毛聣麓矛搂聞矛聤陇) 'Super Shy' Official MV,"141,806,284"
MAGIC! - Rude (Official Video),"141,719,518"
Una Lady Como T脙潞 - MTZ Manuel Turizo | Video Oficial,"141,664,589"
Clayton & Rom脙隆rio part. Luan Santana - Namorando ou N脙拢o  (DVD No Mineir脙拢o),"141,639,216"
Farruko - Pepas (Official Video),"141,036,031"
"Anuel AA, Daddy Yankee, Karol G, Ozuna & J Balvin - China (Video Oficial)","140,993,252"
The Weeknd - The Hills,"140,853,889"
"KAROL G, Peso Pluma - QLONA (Visualizer)","140,704,305"
Kesariya - Brahm脛聛stra | Ranbir Kapoor | Alia Bhatt | Pritam | Arijit Singh | Amitabh Bhattacharya,"140,494,159"
"Ram Siya Ram (Lyrical) Adipurush | Prabhas | Sachet-Parampara,Manoj Muntashir S |Om Raut | Bhushan K","140,124,500"
Sia - Cheap Thrills (Performance Edit),"139,986,705"
Gianluca Grignani - Mi Historia Entre Tus Dedos (HD),"139,910,719"
Mon Laferte - Mi Buen Amor (Video Oficial) ft. Enrique Bunbury,"139,661,688"
Fifth Harmony - Work from Home (Official Video) ft. Ty Dolla $ign,"139,639,220"
Guns N' Roses - November Rain,"139,522,681"
KAROL G - BICHOTA (Official Video),"139,429,503"
Abba - Dancing Queen (Official Music Video Remastered),"139,268,377"
James Arthur - Say You Won't Let Go,"139,245,332"
COLADIN (MINHA DEUSA) - Z脙聣 VAQUEIRO (V脙颅deo Oficial),"139,170,806"
"Shakira, Ozuna - Monoton脙颅a (Official Video)","139,144,909"
Nelly Furtado - Say It Right (Official Music Video),"139,141,575"
"Leke Prabhu Ka Naam Song | Tiger 3 | Salman Khan, Katrina | Pritam | Arijit Singh, Nikhita | Amitabh","139,140,377"
Eminem - The Real Slim Shady (Official Video - Clean Version),"139,008,071"
Christian Nodal - Adi脙鲁s Amor (Video Oficial),"138,977,834"
(Everything I Do) I Do It For You (Official Music Video),"138,904,640"
Rahat Fateh Ali Khan - Zaroori Tha,"138,710,772"
Miyagi & 脨颅脨陆脨麓脩聢脨驴脨赂脨禄脩聦 feat. 脨聽脨碌脨录 脨聰脨赂脨鲁脨鲁脨掳 - I Got Love (Official Video),"138,304,373"
"Santa Fe Klan, Neto Pe脙卤a, Yoss Bones - Debo Entender","138,192,837"
"Vaa Vaathi Full Video Song | Vaathi Movie | Dhanush, Samyuktha | GV Prakash Kumar | Venky Atluri","137,590,827"
Dua Lipa - Dance The Night (From Barbie The Album) [Official Music Video],"137,281,425"
Paulo Londra - Tal Vez (Official Video),"137,135,619"
"KAROL G, Mariah Angeliq - EL MAKINON (Official Video)","137,083,467"
"Mastaaru Mastaaru Full Video Song | SIR Songs | Dhanush, Samyuktha | GV Prakash Kumar | Venky Atluri","136,974,413"
Grupo Firme -  Ya Superame - (Video Oficial),"136,720,355"
Ahmed Saad - Wasa3 Wasa3 | Official Music Video - 2022 | 脴搂脴颅脵聟脴炉 脴鲁脴鹿脴炉 - 脵聢脴鲁脴鹿 脵聢脴鲁脴鹿,"136,673,665"
JERE KLEIN - ANDO (Video Oficial) | ENFASIS,"136,462,321"
"Becky G, Bad Bunny - Mayores (Official Video)","136,237,594"
The Black Eyed Peas - Where Is The Love? (Official Music Video),"136,098,618"
"Israel & Rodolffo, @anacastelaoficial  - Bombonzinho (Let's Bora)","135,917,246"
JISOO - 芒聙聵锚陆聝(FLOWER)芒聙聶 DANCE PERFORMANCE VIDEO,"135,790,074"
Justin Bieber - Sorry (PURPOSE : The Movement),"135,600,092"
Bruno Mars - When I Was Your Man (Official Music Video),"135,217,662"
WIU - Cora脙搂脙拢o de Gelo,"134,992,546"
脨炉 脨聹脨赂脩聢脨潞脨掳 脨聯脩聝脨录脨录脨赂 脨聭脨碌脩聙 HD - Long Russian Version - 10th Anniversary Gummy Bear Song,"134,028,162"
Ahmed Saad - Ekhtayaraty | Official Music Video - 2023 | 脴搂脴颅脵聟脴炉 脴鲁脴鹿脴炉 - 脴搂脴庐脴陋脵聤脴搂脴卤脴搂脴陋脵聤,"133,972,805"
KALAASTAR - Full Video | Honey 3.0 | Yo Yo Honey Singh & Sonakshi Sinha | Zee Music Originals,"133,861,425"
Lady Gaga - Bad Romance (Official Music Video),"133,830,194"
Grupo Firme -  Luis Mexia - Calidad (Video Oficial),"133,757,988"
ILLSLICK  -  My Dad  [Official Music Video],"133,492,773"
Bon Jovi - It's My Life (Official Music Video),"133,465,250"
TAEYANG - 'VIBE (feat. Jimin of BTS)' M/V,"133,399,378"
Peso Pluma - Bye (Video Oficial),"133,380,157"
"Achha Sila Diya | Jaani & B Praak Feat. Nora Fatehi & Rajkummar Rao | Nikhil-Vinay,Yogesh |Bhushan K","133,136,187"
"Los 脙聛ngeles Azules, NICKI NICOLE - Otra Noche","132,942,779"
TONES AND I - DANCE MONKEY (OFFICIAL VIDEO),"132,904,012"
Na Roja Nuvve | Kushi | Vijay Deverakonda | Samantha Ruth Prabhu | Hesham Abdul Wahab | Lyrical,"132,686,657"
Marc Anthony - Flor P脙隆lida (Official Video),"132,621,882"
TXT (铆聢卢毛陋篓毛隆聹矛職掳毛掳聰矛聺麓铆聢卢锚虏聦毛聧聰) 'Sugar Rush Ride' Official MV,"132,164,438"
Columbia - Quevedo (Video Oficial),"131,798,644"
DAKU | INDERPAL MOGA | CHANI NATTAN | NEW PUNJABI SONG | LATEST PUNJABI SONG 2022 |Daku Ik number da,"131,650,161"
"Usher - Yeah! (Official Video) ft. Lil Jon, Ludacris","131,500,212"
Kim Loaiza - DEVOTO (Video Oficial) Ft. Elvis De Yongol,"131,401,811"
OneRepublic - I Ain芒聙聶t Worried (From 芒聙聹Top Gun: Maverick芒聙聺) [Official Music Video],"131,243,458"
Metallica: Nothing Else Matters (Official Music Video),"130,931,120"
Clean Bandit - Rockabye (feat. Sean Paul & Anne-Marie) [Official Video],"130,909,650"
"Sam Smith, Kim Petras - Unholy (Official Music Video)","130,505,234"
Gusttavo Lima - Canudinho Part. Ana Castela | DVD Para脙颅so Particular,"130,416,527"
"Where You Are (From ""Moana""/Sing-Along)","130,383,086"
"O Bedardeya (Full Video) Tu Jhoothi Main Makkaar | Ranbir, Shraddha | Pritam,Arijit Singh, Amitabh B","130,299,506"
Halsey - Without Me,"129,718,353"
"Luis Miguel - ""Ahora te puedes marchar"" (Video Oficial)","129,306,920"
矛搂聙毛炉录 (Jimin) 'Set Me Free Pt.2' Official MV,"129,173,783"
Dilan Polat - Enercii,"129,139,037"
i脙卤igo quintero - Si No Est脙隆s (Letra Oficial),"129,058,920"
Lukas Graham - 7 Years [Official Music Video],"128,964,678"
Mary J. Blige - Family Affair (Official Music Video),"128,912,114"
El Belicon - Peso Pluma & Rau脤聛l Vega (Video Oficial),"128,811,164"
Chann Sitare | Ammy Virk | Tania | Simerjit Singh | Avvy Sra | Oye Makhna | New Punjabi Song 2023,"128,734,785"
"LUAN PEREIRA, @MCRyanSP - ELA PIROU NA DODGE RAM (OFICIAL)","128,556,095"
Ice Spice & Nicki Minaj - Princess Diana (Official Music Video),"128,469,671"
"Malang Sajna (Video) Sachet Tandon, Parampara Tandon | Adil Shaikh, Kumaar | Bhushan Kumar","128,273,830"
"Shakira: Bzrp Music Sessions, Vol. 53","128,046,143"
Charlie Puth - Attention [Official Video],"127,967,975"
KAROL G - S91 (Official Video),"127,581,975"
The Weeknd - Reminder (Official Video),"127,560,597"
Danny Ocean -  Me Reh脙潞so (Official Audio),"127,390,926"
"DJ Snake - Taki Taki ft. Selena Gomez, Ozuna, Cardi B (Official Music Video)","127,193,744"
"Taiu, Milo j - Rara Vez","126,850,743"
Tyga - Taste (Official Video) ft. Offset,"126,750,962"
"Eurythmics, Annie Lennox, Dave Stewart - Sweet Dreams (Are Made Of This) (Official Video)","126,666,124"
Maroon 5 - Girls Like You ft. Cardi B (Volume 2) (Official Music Video),"126,213,717"
Ahmed Saad - Ader Akmel | Official Lyrics Video - 2023 | 脴拢脴颅脵聟脴炉 脴鲁脴鹿脴炉 - 脵聜脴搂脴炉脴卤 脴搂脵聝脵聟脵聞,"125,918,782"
"Maria Becerra, R脙隆faga - ADI脙聯S (Live Session)","125,895,570"
Indila - Derni脙篓re Danse (Clip Officiel),"125,780,734"
"Christian Nodal, 脙聛ngela Aguilar - Dime C脙鲁mo Quieres (Video Oficial)","125,696,051"
"Wisin & Yandel, ROSAL脙聧A - Besos Moja2 (Official Video)","125,637,864"
脿赂聴脿赂拢脿赂聡脿赂颅脿赂垄脿鹿聢脿赂虏脿赂聡脿鹿聛脿赂職脿赂聰 (Bad Boy) - Paper Planes茫聙聦Official MV茫聙聧,"125,603,772"
The Chainsmokers - Don't Let Me Down (Official Video) ft. Daya,"125,521,086"
Ricardo Arjona - Fuiste t脙潞 feat. Gaby Moreno (Video Oficial),"124,813,610"
"Kizz Daniel, EMPIRE - Cough (Official Video)","124,748,560"
#Video | 脿陇垄脿楼聥脿楼聹脿楼聙 脿陇聲脿楼聛脿陇聠脿陇聛 脿陇聲脿陇聢脿陇虏脿楼聡 脿陇卢脿陇戮 | #Chandan_Chanchal | Dhodi Kuaa Kaile Ba | Bhojpuri Song,"124,637,856"
System Of A Down - Toxicity (Official HD Video),"124,480,008"
"Tiago PZK, LIT killah, Maria Becerra, Nicki Nicole - Entre Nosotros REMIX (Video Oficial)","124,411,945"
aespa 矛聴聬矛聤陇铆聦聦 'Spicy' MV,"124,402,938"
TAEYANG - 芒聙聵Shoong! (feat. LISA of BLACKPINK)芒聙聶 PERFORMANCE VIDEO,"124,342,586"
Bruno Mars - Just The Way You Are (Official Music Video),"124,141,808"
Sean Paul - No Lie ft. Dua Lipa,"123,806,849"
(矛聴卢矛聻聬)矛聲聞矛聺麓毛聯陇((G)I-DLE) - 'Nxde' Official Music Video,"123,479,035"
"Shakira, Fuerza Regida - El Jefe (Official Video)","123,463,119"
Chino Pacas X Fuerza Regida - Dijeron que no la iba lograr [ Oficial Video ],"123,245,297"
Dennis e Kevin O Chris - T脙聛 OK (Clipe Oficial),"123,162,552"
Ella Baila Sola  - (Video Con Letras) - Eslabon Armado y Peso Pluma - DEL Records 2023,"122,942,609"
Nicki Minaj & Ice Spice 芒聙聯 Barbie World (with Aqua) [Official Music Video],"122,789,212"
Rihanna - Umbrella (Orange Version) (Official Music Video) ft. JAY-Z,"122,771,179"
Toto - Africa (Official HD Video),"122,676,682"
"Pushpa: Saami Saami - Full Video Song | Allu Arjun, Rashmika Mandanna | Sunidhi C | DSP | Sukumar","122,408,857"
"Palang Sagwan Ke | Khesari Lal Yadav, Aamrapali Dubey | Doli Saja Ke Rakhna | FULL SONG | Movie Song","122,242,540"
Lyrical: Chammak Challo | Ra One | ShahRukh Khan | Kareena Kapoor,"122,120,531"
Avicii - Waiting For Love,"122,068,814"
SixTONES 芒聙聯 茫聛聯茫聛拢茫聛聥茫聜聣 [YouTube ver.],"121,836,020"
"Elton John, Dua Lipa - Cold Heart (PNAU Remix) (Official Video)","121,604,297"
The Chainsmokers - Closer (Lyric) ft. Halsey,"121,582,284"
Shakira - Chantaje (Official Video) ft. Maluma,"121,458,670"
"Shakira, Manuel Turizo - Copa Vac脙颅a (Official Video)","121,341,180"
Michael Jackson - Smooth Criminal (Official Video),"121,182,678"
Maria Mar脙搂al - Deixa (Clipe Oficial MK Music),"121,134,877"
Marshmello - Alone (Official Music Video),"121,078,879"
The Weeknd - Blinding Lights (Official Video),"121,028,806"
Coldplay - Adventure Of A Lifetime (Official Video),"120,996,148"
"Jai Shri Ram (Hindi) Adipurush | Prabhas | Ajay-Atul, Manoj Muntashir Shukla | Om Raut | Bhushan K","120,943,627"
The Weeknd - I Feel It Coming ft. Daft Punk (Official Video),"120,901,357"
Paulo Londra ft Lenny Tavarez - Nena Maldicion (Official Video),"120,832,570"
"Bryant Myers ft. Anonimus, Anuel AA y Almighty - Esclava Remix (Video Oficial)","120,811,978"
Europe - The Final Countdown (Official Video),"120,629,423"
Ana Castela - Pipoco ft. @MELODYOFICIAL  e @djchrisnobeat (Clipe Oficial),"120,427,088"
LOKERA - Rauw Alejandro x Lyanno x Brray (Official Video),"120,389,702"
8 Parche | Baani Sandhu | Gur Sidhu | Gurneet Dosanjh | Punjabi Song | Ishtar Punjabi #punjabisong,"120,211,907"
Elissa & Saad Lamjarred - Min Awel Dekika [Official Video] (2022) / 脴搂脵聞脵聤脴鲁脴搂 脵聢脴鲁脴鹿脴炉 脵聞脵聟脴卢脴卤脴炉 - 脵聟脵聠 脴拢脵聢脵聞 脴炉脵聜脵聤脵聜脴漏,"119,379,093"
"Chamkeela Angeelesi - Lyrical | Dasara | Nani, Keerthy Suresh | Santhosh Narayanan | Srikanth Odela","119,270,088"
脿赂拢脿赂聢脿赂聶脿赂虏脿鹿聙脿赂颅脿赂垄 - 脿赂聢脿赂麓脿鹿聥脿赂搂 脿赂陋脿赂聛脿赂赂脿赂聯脿赂聤脿赂卤脿赂垄 [Official MV],"119,205,679"
Ariana Grande - 7 rings (Official Video),"119,179,384"
Feid - Ferxxo 100 (Official Video),"119,094,548"
Starship - Nothing's Gonna Stop Us Now (Official Music Video) [HD],"118,862,308"
ROGERINHO - 085 | DVD Pode Cr脙陋 Ao Vivo,"118,631,555"
"Playa Del Ingl脙漏s - Quevedo, Myke Towers (Video Oficial)","118,559,825"
Carla Morrison - Disfruto (letra),"118,427,939"
Henrique e Juliano - TRAUMATIZEI - DVD To Be Ao Vivo Em Bras脙颅lia,"118,384,802"
White Brown Black - Avvy Sra | Karan Aujla | Jaani | Amanninder Singh | Desi Melodies,"118,229,058"
矛搂聙毛炉录 (Jimin) 'Like Crazy' Official MV,"118,213,569"
Darell - Lollipop (Official Video),"117,616,918"
Z脙漏 Neto e Cristiano - Barulho do Foguete - #Escolhas,"117,612,690"
JAY-Z - Empire State Of Mind ft. Alicia Keys,"117,581,448"
"Carlos Vives, Sebasti脙隆n Yatra - Robarte un Beso (Official Video)","117,465,377"
Semicenk feat. Do脛聼u Swag - Pi脜聼man De脛聼ilim (prod. by B脙录ken),"117,451,790"
Ariana Grande ft. Nicki Minaj - Side To Side (Official Video) ft. Nicki Minaj,"117,400,435"
TQG,"117,355,505"
'Abhi Toh Party Shuru Hui Hai' FULL VIDEO Song | Khoobsurat | Badshah | Aastha,"117,313,311"
Eu Sou O Gummy Bear - Gummy Bear Song Brazilian Osito Gominola Brazil Som Livre Brasil,"116,719,816"
Maher Zain - Rahmatun Lil芒聙聶Alameen (Official Music Video) 脵聟脴搂脵聡脴卤 脴虏脵聤脵聠 - 脴卤脴颅脵聟脴漏脵聦 脵聞脵聞脴鹿脴搂脵聞脵聟脵聤脵聠,"116,714,382"
"Ryan Castro, Peso Pluma - QUEMA 冒聼聰楼 (Video Oficial)","116,658,674"
"Black Eyed Peas, Shakira - GIRL LIKE ME (Official Music Video)","116,657,905"
Boney M. - Rasputin (Sopot Festival 1979),"116,601,313"
Ricardo Arjona - Historia De Taxi  (Video),"116,238,865"
Justin Bieber - Ghost,"116,184,977"
"Diles - Bad Bunny, Ozuna, Farruko, Arcangel, 脙聭engo Flow","116,140,573"
Khalid - Better (Official Video),"116,138,630"
Full Video: Hookah Bar | Khiladi 786 | Akshay Kumar & Asin | Himesh Reshammiya,"116,071,138"
"Tere Pyaar Mein (Song) Tu Jhoothi Main Makkaar| Ranbir, Shraddha| Pritam| Arijit, Nikhita | Amitabh","116,067,239"
"Full Song: KHAIRIYAT (BONUS TRACK) | CHHICHHORE | Sushant, Shraddha | Pritam, Amitabh B|Arijit Singh","116,044,339"
Sam Smith - I'm Not The Only One (Official Music Video),"115,957,093"
Michael Jackson - Beat It (Official 4K Video),"115,900,813"
The Verve - Bitter Sweet Symphony,"115,806,135"
"ANIMAL: ARJAN VAILLY | Ranbir Kapoor | Sandeep Vanga | Bhupinder B, Manan B | Bhushan K","115,797,171"
Mar脙颅lia Mendon脙搂a & Maiara e Maraisa - Cora脙搂脙拢o Bandido (Official Music Video),"115,706,577"
#Video | #Pawan Singh | 脿陇掳脿陇戮脿陇聹脿陇戮 脿陇聹脿楼聙 | Raja Ji | #Shivani Singh | Aastha Singh | Bhojpuri Hit Song,"115,619,554"
Avicii - Wake Me Up (Official Video),"115,588,340"
"Anuel AA, KAROL G - Secreto","115,577,541"
AURORA - Runaway,"115,441,276"
Post Malone - Circles,"115,326,582"
Gusttavo Lima - Termina Comigo Antes  (Ao Vivo em Porto Alegre),"115,174,060"
ARCANGEL || BZRP Music Sessions #54,"115,121,252"
